,Team,W,L,W-L%,PF,PA,PD,MoV,SoS,SRS,OSRS,DSRS,Year,Playoffs,Conf Champion,SB Win
0,New England Patriots,13,3,0.813,513,342,171,10.7,-1.4,9.3,9.4,-0.1,2011,1,1,0
1,New York Jets,8,8,0.5,377,363,14,0.9,0.0,0.9,1.2,-0.3,2011,0,0,0
2,Miami Dolphins,6,10,0.375,329,313,16,1.0,-0.1,0.9,-2.2,3.2,2011,0,0,0
3,Buffalo Bills,6,10,0.375,372,434,-62,-3.9,0.5,-3.4,1.2,-4.5,2011,0,0,0
4,Baltimore Ravens,12,4,0.75,378,266,112,7.0,-0.9,6.1,2.6,3.5,2011,1,0,0
5,Pittsburgh Steelers,12,4,0.75,325,227,98,6.1,-0.8,5.3,-0.8,6.0,2011,1,0,0
6,Cincinnati Bengals,9,7,0.563,344,323,21,1.3,-0.9,0.5,0.7,-0.2,2011,1,0,0
7,Cleveland Browns,4,12,0.25,218,307,-89,-5.6,0.2,-5.4,-7.2,1.8,2011,0,0,0
8,Houston Texans,10,6,0.625,381,278,103,6.4,-1.9,4.5,1.4,3.2,2011,1,0,0
9,Tennessee Titans,9,7,0.563,325,317,8,0.5,-1.5,-1.0,-2.2,1.2,2011,0,0,0
10,Jacksonville Jaguars,5,11,0.313,243,329,-86,-5.4,-0.3,-5.6,-7.1,1.4,2011,0,0,0
11,Indianapolis Colts,2,14,0.125,243,430,-187,-11.7,0.4,-11.3,-6.0,-5.3,2011,0,0,0
12,Denver Broncos,8,8,0.5,309,390,-81,-5.1,-0.2,-5.3,-3.6,-1.7,2011,1,0,0
13,Los Angeles Chargers,8,8,0.5,406,377,29,1.8,-0.9,0.9,2.7,-1.8,2011,0,0,0
14,Las Vegas Raiders,8,8,0.5,359,433,-74,-4.6,-0.3,-4.9,0.2,-5.1,2011,0,0,0
15,Kansas City Chiefs,7,9,0.438,212,338,-126,-7.9,-0.2,-8.1,-10.2,2.1,2011,0,0,0
16,New York Giants,9,7,0.563,394,400,-6,-0.4,2.0,1.6,3.1,-1.5,2011,1,1,1
17,Philadelphia Eagles,8,8,0.5,396,328,68,4.3,0.5,4.7,3.1,1.7,2011,0,0,0
18,Dallas Cowboys,8,8,0.5,369,347,22,1.4,0.3,1.6,0.7,0.9,2011,0,0,0
19,Washington Commanders,5,11,0.313,288,367,-79,-4.9,0.8,-4.1,-4.3,0.2,2011,0,0,0
20,Green Bay Packers,15,1,0.938,560,359,201,12.6,-1.2,11.4,11.5,-0.1,2011,1,0,0
21,Detroit Lions,10,6,0.625,474,387,87,5.4,0.6,6.1,6.9,-0.8,2011,1,0,0
22,Chicago Bears,8,8,0.5,353,341,12,0.8,0.9,1.7,-1.5,3.1,2011,0,0,0
23,Minnesota Vikings,3,13,0.188,340,449,-109,-6.8,1.1,-5.7,-1.6,-4.1,2011,0,0,0
24,New Orleans Saints,13,3,0.813,547,339,208,13.0,-1.6,11.4,10.6,0.8,2011,1,0,0
25,Atlanta Falcons,10,6,0.625,402,350,52,3.3,0.3,3.5,1.8,1.7,2011,1,0,0
26,Carolina Panthers,6,10,0.375,406,429,-23,-1.4,0.1,-1.3,2.6,-3.9,2011,0,0,0
27,Tampa Bay Buccaneers,4,12,0.25,287,494,-207,-12.9,2.3,-10.6,-4.0,-6.6,2011,0,0,0
28,San Francisco 49ers,13,3,0.813,380,229,151,9.4,-1.1,8.3,1.7,6.6,2011,1,0,0
29,Arizona Cardinals,8,8,0.5,312,348,-36,-2.3,0.0,-2.2,-1.7,-0.5,2011,0,0,0
30,Seattle Seahawks,7,9,0.438,321,315,6,0.4,0.4,0.8,-0.5,1.3,2011,0,0,0
31,Los Angeles Rams,2,14,0.125,193,407,-214,-13.4,2.9,-10.4,-8.4,-2.1,2011,0,0,0
33,New England Patriots,12,4,0.75,557,331,226,14.1,-1.4,12.8,12.2,0.5,2012,1,0,0
34,Miami Dolphins,7,9,0.438,288,317,-29,-1.8,-0.8,-2.6,-5.5,2.9,2012,0,0,0
35,New York Jets,6,10,0.375,281,375,-94,-5.9,0.0,-5.9,-5.1,-0.9,2012,0,0,0
36,Buffalo Bills,6,10,0.375,344,435,-91,-5.7,-1.0,-6.7,-0.9,-5.8,2012,0,0,0
37,Baltimore Ravens,10,6,0.625,398,344,54,3.4,-0.5,2.9,1.9,1.0,2012,1,1,1
38,Cincinnati Bengals,10,6,0.625,391,320,71,4.4,-2.4,2.1,1.2,0.9,2012,1,0,0
39,Pittsburgh Steelers,8,8,0.5,336,314,22,1.4,-2.0,-0.7,-2.8,2.1,2012,0,0,0
40,Cleveland Browns,5,11,0.313,302,368,-66,-4.1,-1.2,-5.3,-4.6,-0.7,2012,0,0,0
41,Houston Texans,12,4,0.75,416,331,85,5.3,-1.8,3.5,1.8,1.7,2012,1,0,0
42,Indianapolis Colts,11,5,0.688,357,387,-30,-1.9,-2.8,-4.7,-1.9,-2.8,2012,1,0,0
43,Tennessee Titans,6,10,0.375,330,471,-141,-8.8,-1.2,-10.0,-2.6,-7.4,2012,0,0,0
44,Jacksonville Jaguars,2,14,0.125,255,444,-189,-11.8,-1.1,-13.0,-8.1,-4.9,2012,0,0,0
45,Denver Broncos,13,3,0.813,481,289,192,12.0,-1.9,10.1,6.3,3.8,2012,1,0,0
46,Los Angeles Chargers,7,9,0.438,350,350,0,0.0,-2.3,-2.3,-2.0,-0.4,2012,0,0,0
47,Las Vegas Raiders,4,12,0.25,290,443,-153,-9.6,-1.3,-10.8,-4.6,-6.2,2012,0,0,0
48,Kansas City Chiefs,2,14,0.125,211,425,-214,-13.4,-0.6,-14.0,-10.3,-3.7,2012,0,0,0
49,Washington Commanders,10,6,0.625,436,388,48,3.0,0.4,3.4,4.6,-1.2,2012,1,0,0
50,New York Giants,9,7,0.563,429,344,85,5.3,0.9,6.2,4.0,2.2,2012,0,0,0
51,Dallas Cowboys,8,8,0.5,376,400,-24,-1.5,1.8,0.3,1.4,-1.2,2012,0,0,0
52,Philadelphia Eagles,4,12,0.25,280,444,-164,-10.3,1.4,-8.9,-5.3,-3.6,2012,0,0,0
53,Green Bay Packers,11,5,0.688,433,336,97,6.1,1.2,7.3,4.9,2.4,2012,1,0,0
54,Minnesota Vikings,10,6,0.625,379,348,31,1.9,1.4,3.4,1.6,1.8,2012,1,0,0
55,Chicago Bears,10,6,0.625,375,277,98,6.1,0.8,6.9,1.0,6.0,2012,0,0,0
56,Detroit Lions,4,12,0.25,372,437,-65,-4.1,1.8,-2.3,2.1,-4.4,2012,0,0,0
57,Atlanta Falcons,13,3,0.813,419,299,120,7.5,-1.1,6.4,2.0,4.5,2012,1,0,0
58,Carolina Panthers,7,9,0.438,357,363,-6,-0.4,1.2,0.8,-0.5,1.3,2012,0,0,0
59,New Orleans Saints,7,9,0.438,461,454,7,0.4,1.0,1.4,6.5,-5.1,2012,0,0,0
60,Tampa Bay Buccaneers,7,9,0.438,389,394,-5,-0.3,0.3,0.0,1.3,-1.3,2012,0,0,0
61,San Francisco 49ers,11,4,0.719,397,273,124,7.8,2.5,10.2,3.5,6.7,2012,1,1,0
62,Seattle Seahawks,11,5,0.688,412,245,167,10.4,1.8,12.2,4.5,7.7,2012,1,0,0
63,Los Angeles Rams,7,8,0.469,299,348,-49,-3.1,3.4,0.4,-2.1,2.4,2012,0,0,0
64,Arizona Cardinals,5,11,0.313,250,357,-107,-6.7,3.5,-3.2,-4.8,1.0,2012,0,0,0
66,New England Patriots,12,4,0.75,444,338,106,6.6,-0.7,5.9,4.5,1.4,2013,1,0,0
67,New York Jets,8,8,0.5,290,387,-97,-6.1,0.0,-6.1,-4.7,-1.4,2013,0,0,0
68,Miami Dolphins,8,8,0.5,317,335,-18,-1.1,0.3,-0.8,-2.9,2.1,2013,0,0,0
69,Buffalo Bills,6,10,0.375,339,388,-49,-3.1,-0.1,-3.2,-1.3,-1.9,2013,0,0,0
70,Cincinnati Bengals,11,5,0.688,430,305,125,7.8,-2.5,5.4,2.3,3.0,2013,1,0,0
71,Pittsburgh Steelers,8,8,0.5,379,370,9,0.6,-2.5,-2.0,-0.9,-1.0,2013,0,0,0
72,Baltimore Ravens,8,8,0.5,320,352,-32,-2.0,-1.5,-3.5,-5.0,1.4,2013,0,0,0
73,Cleveland Browns,4,12,0.25,308,406,-98,-6.1,-1.6,-7.7,-4.8,-2.9,2013,0,0,0
74,Indianapolis Colts,11,5,0.688,391,336,55,3.4,0.6,4.0,1.7,2.3,2013,1,0,0
75,Tennessee Titans,7,9,0.438,362,381,-19,-1.2,0.4,-0.8,-0.2,-0.6,2013,0,0,0
76,Jacksonville Jaguars,4,12,0.25,247,449,-202,-12.6,1.5,-11.1,-7.1,-4.0,2013,0,0,0
77,Houston Texans,2,14,0.125,276,428,-152,-9.5,1.9,-7.6,-5.0,-2.6,2013,0,0,0
78,Denver Broncos,13,3,0.813,606,399,207,12.9,-1.6,11.4,14.1,-2.7,2013,1,1,0
79,Kansas City Chiefs,11,5,0.688,430,305,125,7.8,-1.7,6.1,1.7,4.3,2013,1,0,0
80,Los Angeles Chargers,9,7,0.563,396,348,48,3.0,-0.3,2.7,0.5,2.1,2013,1,0,0
81,Las Vegas Raiders,4,12,0.25,322,453,-131,-8.2,0.2,-8.0,-3.8,-4.2,2013,0,0,0
82,Philadelphia Eagles,10,6,0.625,442,382,60,3.8,-1.9,1.9,2.3,-0.5,2013,1,0,0
83,Dallas Cowboys,8,8,0.5,439,432,7,0.4,-1.1,-0.7,2.7,-3.4,2013,0,0,0
84,New York Giants,7,9,0.438,294,383,-89,-5.6,0.2,-5.4,-6.2,0.8,2013,0,0,0
85,Washington Commanders,3,13,0.188,334,478,-144,-9.0,-0.3,-9.3,-3.9,-5.4,2013,0,0,0
86,Green Bay Packers,8,7,0.531,417,428,-11,-0.7,-2.4,-3.1,0.5,-3.6,2013,1,0,0
87,Chicago Bears,8,8,0.5,445,478,-33,-2.1,-2.1,-4.1,3.0,-7.1,2013,0,0,0
88,Detroit Lions,7,9,0.438,395,376,19,1.2,-2.8,-1.6,-1.2,-0.5,2013,0,0,0
89,Minnesota Vikings,5,10,0.344,391,480,-89,-5.6,-1.1,-6.6,0.2,-6.9,2013,0,0,0
90,Carolina Panthers,12,4,0.75,366,241,125,7.8,1.4,9.2,0.6,8.6,2013,1,0,0
91,New Orleans Saints,11,5,0.688,414,304,110,6.9,1.9,8.8,3.8,5.0,2013,1,0,0
92,Atlanta Falcons,4,12,0.25,353,443,-90,-5.6,2.9,-2.8,1.2,-3.9,2013,0,0,0
93,Tampa Bay Buccaneers,4,12,0.25,288,389,-101,-6.3,3.6,-2.7,-2.9,0.3,2013,0,0,0
94,Seattle Seahawks,13,3,0.813,417,231,186,11.6,1.4,13.0,4.1,8.9,2013,1,1,1
95,San Francisco 49ers,12,4,0.75,406,272,134,8.4,1.8,10.1,3.5,6.6,2013,1,0,0
96,Arizona Cardinals,10,6,0.625,379,324,55,3.4,3.0,6.4,2.7,3.7,2013,0,0,0
97,Los Angeles Rams,7,9,0.438,348,364,-16,-1.0,3.2,2.2,0.4,1.8,2013,0,0,0
99,New England Patriots,12,4,0.75,468,313,155,9.7,1.3,10.9,7.5,3.5,2014,1,1,1
100,Buffalo Bills,9,7,0.563,343,289,54,3.4,1.6,4.9,-0.4,5.3,2014,0,0,0
101,Miami Dolphins,8,8,0.5,388,373,15,0.9,1.6,2.6,2.9,-0.4,2014,0,0,0
102,New York Jets,4,12,0.25,283,401,-118,-7.4,2.3,-5.0,-4.0,-1.0,2014,0,0,0
103,Pittsburgh Steelers,11,5,0.688,436,368,68,4.3,-2.0,2.2,4.4,-2.1,2014,1,0,0
104,Cincinnati Bengals,10,5,0.656,365,344,21,1.3,-0.6,0.7,-0.5,1.3,2014,1,0,0
105,Baltimore Ravens,10,6,0.625,409,302,107,6.7,-2.1,4.6,1.8,2.8,2014,1,0,0
106,Cleveland Browns,7,9,0.438,299,337,-38,-2.4,-1.5,-3.9,-4.8,0.9,2014,0,0,0
107,Indianapolis Colts,11,5,0.688,458,369,89,5.6,-1.1,4.4,5.2,-0.8,2014,0,0,0
108,Houston Texans,9,7,0.563,372,307,65,4.1,-2.3,1.7,-0.8,2.5,2014,0,0,0
109,Jacksonville Jaguars,3,13,0.188,249,412,-163,-10.2,-0.3,-10.5,-7.8,-2.7,2014,0,0,0
110,Tennessee Titans,2,14,0.125,254,438,-184,-11.5,-0.3,-11.8,-7.0,-4.9,2014,0,0,0
111,Denver Broncos,12,4,0.75,482,354,128,8.0,1.6,9.6,9.2,0.4,2014,1,0,0
112,Kansas City Chiefs,9,7,0.563,353,281,72,4.5,1.2,5.7,0.0,5.7,2014,0,0,0
113,Los Angeles Chargers,9,7,0.563,348,348,0,0.0,1.9,1.9,0.7,1.2,2014,0,0,0
114,Las Vegas Raiders,3,13,0.188,253,452,-199,-12.4,3.4,-9.0,-4.3,-4.7,2014,0,0,0
115,Dallas Cowboys,12,4,0.75,467,352,115,7.2,-1.8,5.4,5.3,0.1,2014,1,0,0
116,Philadelphia Eagles,10,6,0.625,474,400,74,4.6,-0.7,3.9,6.6,-2.7,2014,0,0,0
117,New York Giants,6,10,0.375,380,400,-20,-1.3,-0.4,-1.7,0.8,-2.5,2014,0,0,0
118,Washington Commanders,4,12,0.25,301,438,-137,-8.6,-0.2,-8.7,-4.0,-4.7,2014,0,0,0
119,Green Bay Packers,12,4,0.75,486,348,138,8.6,-0.3,8.3,7.9,0.4,2014,1,0,0
120,Detroit Lions,11,5,0.688,321,282,39,2.4,-0.4,2.1,-3.2,5.2,2014,1,0,0
121,Minnesota Vikings,7,9,0.438,325,343,-18,-1.1,-0.5,-1.7,-2.8,1.1,2014,0,0,0
122,Chicago Bears,5,11,0.313,319,442,-123,-7.7,1.0,-6.7,-2.0,-4.7,2014,0,0,0
123,Carolina Panthers,7,8,0.469,339,374,-35,-2.2,-0.9,-3.1,-2.4,-0.7,2014,1,0,0
124,New Orleans Saints,7,9,0.438,401,424,-23,-1.4,-1.5,-2.9,1.9,-4.8,2014,0,0,0
125,Atlanta Falcons,6,10,0.375,381,417,-36,-2.3,-1.6,-3.8,0.6,-4.4,2014,0,0,0
126,Tampa Bay Buccaneers,2,14,0.125,277,410,-133,-8.3,-1.5,-9.8,-6.5,-3.3,2014,0,0,0
127,Seattle Seahawks,12,4,0.75,394,254,140,8.8,0.8,9.5,2.4,7.1,2014,1,1,0
128,Arizona Cardinals,11,5,0.688,310,299,11,0.7,1.3,2.0,-2.4,4.4,2014,1,0,0
129,San Francisco 49ers,8,8,0.5,306,340,-34,-2.1,1.2,-1.0,-3.0,2.1,2014,0,0,0
130,Los Angeles Rams,6,10,0.375,324,354,-30,-1.9,1.0,-0.8,-1.2,0.4,2014,0,0,0
132,New England Patriots,12,4,0.75,465,315,150,9.4,-2.4,7.0,5.3,1.7,2015,1,0,0
133,New York Jets,10,6,0.625,387,314,73,4.6,-3.0,1.5,-0.5,2.0,2015,0,0,0
134,Buffalo Bills,8,8,0.5,379,359,20,1.3,-1.2,0.0,0.3,-0.2,2015,0,0,0
135,Miami Dolphins,6,10,0.375,310,389,-79,-4.9,-1.9,-6.8,-4.7,-2.2,2015,0,0,0
136,Cincinnati Bengals,12,4,0.75,419,279,140,8.8,1.9,10.6,4.8,5.8,2015,1,0,0
137,Pittsburgh Steelers,10,6,0.625,423,319,104,6.5,2.2,8.7,5.1,3.6,2015,1,0,0
138,Baltimore Ravens,5,11,0.313,328,401,-73,-4.6,2.6,-1.9,-0.7,-1.2,2015,0,0,0
139,Cleveland Browns,3,13,0.188,278,432,-154,-9.6,3.5,-6.1,-3.2,-2.9,2015,0,0,0
140,Houston Texans,9,7,0.563,339,313,26,1.6,-2.4,-0.8,-3.3,2.6,2015,1,0,0
141,Indianapolis Colts,8,8,0.5,333,408,-75,-4.7,-2.0,-6.7,-3.1,-3.6,2015,0,0,0
142,Jacksonville Jaguars,5,11,0.313,376,448,-72,-4.5,-3.0,-7.5,-0.7,-6.9,2015,0,0,0
143,Tennessee Titans,3,13,0.188,299,423,-124,-7.8,-2.8,-10.5,-5.9,-4.6,2015,0,0,0
144,Denver Broncos,12,4,0.75,355,296,59,3.7,2.1,5.8,0.3,5.5,2015,1,1,1
145,Kansas City Chiefs,11,5,0.688,405,287,118,7.4,1.6,9.0,3.7,5.3,2015,1,0,0
146,Las Vegas Raiders,7,9,0.438,359,399,-40,-2.5,2.3,-0.2,1.4,-1.6,2015,0,0,0
147,Los Angeles Chargers,4,12,0.25,320,398,-78,-4.9,2.2,-2.6,-1.5,-1.1,2015,0,0,0
148,Washington Commanders,9,7,0.563,388,379,9,0.6,-2.5,-1.9,-0.2,-1.8,2015,1,0,0
149,Philadelphia Eagles,7,9,0.438,377,430,-53,-3.3,-1.3,-4.6,-0.6,-4.0,2015,0,0,0
150,New York Giants,6,10,0.375,420,442,-22,-1.4,-2.2,-3.6,2.5,-6.1,2015,0,0,0
151,Dallas Cowboys,4,12,0.25,275,374,-99,-6.2,-0.7,-6.9,-7.0,0.1,2015,0,0,0
152,Minnesota Vikings,11,5,0.688,365,302,63,3.9,1.9,5.8,1.1,4.7,2015,1,0,0
153,Green Bay Packers,10,6,0.625,368,323,45,2.8,2.5,5.3,2.0,3.3,2015,1,0,0
154,Detroit Lions,7,9,0.438,358,400,-42,-2.6,2.4,-0.2,1.0,-1.3,2015,0,0,0
155,Chicago Bears,6,10,0.375,335,397,-62,-3.9,2.6,-1.3,-0.1,-1.2,2015,0,0,0
156,Carolina Panthers,15,1,0.938,500,308,192,12.0,-3.9,8.1,6.0,2.1,2015,1,1,0
157,Atlanta Falcons,8,8,0.5,339,345,-6,-0.4,-3.4,-3.8,-4.0,0.3,2015,0,0,0
158,New Orleans Saints,7,9,0.438,408,476,-68,-4.3,-2.3,-6.6,1.1,-7.6,2015,0,0,0
159,Tampa Bay Buccaneers,6,10,0.375,342,417,-75,-4.7,-3.0,-7.7,-3.5,-4.2,2015,0,0,0
160,Arizona Cardinals,13,3,0.813,489,313,176,11.0,1.3,12.3,9.0,3.4,2015,1,0,0
161,Seattle Seahawks,10,6,0.625,423,277,146,9.1,2.2,11.3,5.4,6.0,2015,1,0,0
162,Los Angeles Rams,7,9,0.438,280,330,-50,-3.1,3.0,-0.2,-3.8,3.6,2015,0,0,0
163,San Francisco 49ers,5,11,0.313,238,387,-149,-9.3,3.8,-5.5,-6.0,0.5,2015,0,0,0
165,New England Patriots,14,2,0.875,441,250,191,11.9,-2.7,9.3,4.3,5.0,2016,1,1,1
166,Miami Dolphins,10,6,0.625,363,380,-17,-1.1,-1.3,-2.4,-0.6,-1.8,2016,1,0,0
167,Buffalo Bills,7,9,0.438,399,378,21,1.3,-1.6,-0.3,1.8,-2.2,2016,0,0,0
168,New York Jets,5,11,0.313,275,409,-134,-8.4,-0.1,-8.5,-5.5,-3.0,2016,0,0,0
169,Pittsburgh Steelers,11,5,0.688,399,327,72,4.5,0.2,4.7,2.8,2.0,2016,1,0,0
170,Baltimore Ravens,8,8,0.5,343,321,22,1.4,0.2,1.5,-1.1,2.6,2016,0,0,0
171,Cincinnati Bengals,6,9,0.406,325,315,10,0.6,0.4,1.0,-1.5,2.5,2016,0,0,0
172,Cleveland Browns,1,15,0.063,264,452,-188,-11.8,1.7,-10.1,-5.2,-4.9,2016,0,0,0
173,Houston Texans,9,7,0.563,279,328,-49,-3.1,0.4,-2.6,-5.3,2.7,2016,1,0,0
174,Tennessee Titans,9,7,0.563,381,378,3,0.2,-1.2,-1.0,0.7,-1.7,2016,0,0,0
175,Indianapolis Colts,8,8,0.5,411,392,19,1.2,-0.8,0.4,3.1,-2.7,2016,0,0,0
176,Jacksonville Jaguars,3,13,0.188,318,400,-82,-5.1,0.2,-5.0,-2.7,-2.3,2016,0,0,0
177,Kansas City Chiefs,12,4,0.75,389,311,78,4.9,0.7,5.6,1.2,4.4,2016,1,0,0
178,Las Vegas Raiders,12,4,0.75,416,385,31,1.9,1.3,3.3,3.5,-0.3,2016,0,0,0
179,Denver Broncos,9,7,0.563,333,297,36,2.3,1.8,4.0,-2.0,6.1,2016,0,0,0
180,Los Angeles Chargers,5,11,0.313,410,423,-13,-0.8,0.9,0.1,3.0,-3.0,2016,0,0,0
181,Dallas Cowboys,13,3,0.813,421,306,115,7.2,-0.2,7.0,4.1,2.9,2016,1,0,0
182,New York Giants,11,5,0.688,310,284,26,1.6,0.5,2.1,-3.2,5.4,2016,1,0,0
183,Washington Commanders,8,7,0.531,396,383,13,0.8,1.2,2.0,3.3,-1.3,2016,0,0,0
184,Philadelphia Eagles,7,9,0.438,367,331,36,2.3,1.6,3.8,1.3,2.5,2016,0,0,0
185,Green Bay Packers,10,6,0.625,432,388,44,2.8,0.1,2.8,4.9,-2.0,2016,1,0,0
186,Detroit Lions,9,7,0.563,346,358,-12,-0.8,-0.6,-1.4,-1.3,-0.1,2016,1,0,0
187,Minnesota Vikings,8,8,0.5,327,307,20,1.3,-0.3,0.9,-2.6,3.6,2016,0,0,0
188,Chicago Bears,3,13,0.188,279,399,-120,-7.5,0.0,-7.5,-5.2,-2.3,2016,0,0,0
189,Atlanta Falcons,11,5,0.688,540,406,134,8.4,0.1,8.5,10.5,-2.0,2016,1,1,0
190,Tampa Bay Buccaneers,9,7,0.563,354,369,-15,-0.9,0.7,-0.2,-1.5,1.3,2016,0,0,0
191,New Orleans Saints,7,9,0.438,469,454,15,0.9,0.6,1.5,6.8,-5.3,2016,0,0,0
192,Carolina Panthers,6,10,0.375,369,402,-33,-2.1,1.1,-1.0,-0.2,-0.8,2016,0,0,0
193,Seattle Seahawks,10,5,0.656,354,292,62,3.9,-1.7,2.1,-2.4,4.5,2016,1,0,0
194,Arizona Cardinals,7,8,0.469,418,362,56,3.5,-1.9,1.6,2.4,-0.8,2016,0,0,0
195,Los Angeles Rams,4,12,0.25,224,394,-170,-10.6,-0.5,-11.1,-9.5,-1.6,2016,0,0,0
196,San Francisco 49ers,2,14,0.125,309,480,-171,-10.7,-0.5,-11.2,-3.7,-7.5,2016,0,0,0
198,New England Patriots,13,3,0.813,458,296,162,10.1,-1.2,8.9,6.3,2.6,2017,1,1,0
199,Buffalo Bills,9,7,0.563,302,359,-57,-3.6,-0.5,-4.0,-3.0,-1.0,2017,1,0,0
200,Miami Dolphins,6,10,0.375,281,393,-112,-7.0,0.7,-6.3,-3.9,-2.4,2017,0,0,0
201,New York Jets,5,11,0.313,298,382,-84,-5.3,0.3,-4.9,-2.9,-2.1,2017,0,0,0
202,Pittsburgh Steelers,13,3,0.813,406,308,98,6.1,-1.1,5.0,3.2,1.8,2017,1,0,0
203,Baltimore Ravens,9,7,0.563,395,303,92,5.8,-2.4,3.4,2.2,1.2,2017,0,0,0
204,Cincinnati Bengals,7,9,0.438,290,349,-59,-3.7,-1.3,-5.0,-4.1,-0.9,2017,0,0,0
205,Cleveland Browns,0,16,0.0,234,410,-176,-11.0,0.0,-11.0,-6.8,-4.1,2017,0,0,0
206,Jacksonville Jaguars,10,6,0.625,417,268,149,9.3,-2.8,6.5,3.0,3.6,2017,1,0,0
207,Tennessee Titans,9,7,0.563,334,356,-22,-1.4,-2.1,-3.5,-2.0,-1.5,2017,1,0,0
208,Indianapolis Colts,4,12,0.25,263,404,-141,-8.8,-1.3,-10.1,-6.1,-4.0,2017,0,0,0
209,Houston Texans,4,12,0.25,338,436,-98,-6.1,-0.3,-6.4,-0.8,-5.6,2017,0,0,0
210,Kansas City Chiefs,10,6,0.625,415,339,76,4.8,-1.3,3.4,3.8,-0.3,2017,1,0,0
211,Los Angeles Chargers,9,7,0.563,355,272,83,5.2,-1.5,3.6,-0.3,4.0,2017,0,0,0
212,Las Vegas Raiders,6,10,0.375,301,373,-72,-4.5,-0.2,-4.7,-3.0,-1.8,2017,0,0,0
213,Denver Broncos,5,11,0.313,289,382,-93,-5.8,-0.9,-6.7,-3.9,-2.9,2017,0,0,0
214,Philadelphia Eagles,13,3,0.813,457,295,162,10.1,-0.7,9.4,7.0,2.5,2017,1,1,1
215,Dallas Cowboys,9,7,0.563,354,332,22,1.4,0.2,1.6,0.4,1.2,2017,0,0,0
216,Washington Commanders,7,9,0.438,342,388,-46,-2.9,1.6,-1.3,0.5,-1.8,2017,0,0,0
217,New York Giants,3,13,0.188,246,388,-142,-8.9,1.3,-7.6,-6.4,-1.2,2017,0,0,0
218,Minnesota Vikings,13,3,0.813,382,252,130,8.1,1.0,9.1,2.3,6.8,2017,1,0,0
219,Detroit Lions,9,7,0.563,410,376,34,2.1,0.6,2.7,5.2,-2.5,2017,0,0,0
220,Green Bay Packers,7,9,0.438,320,384,-64,-4.0,2.1,-1.9,-0.3,-1.6,2017,0,0,0
221,Chicago Bears,5,11,0.313,264,320,-56,-3.5,2.2,-1.3,-4.6,3.3,2017,0,0,0
222,New Orleans Saints,11,5,0.688,448,326,122,7.6,1.5,9.2,7.0,2.2,2017,1,0,0
223,Carolina Panthers,11,5,0.688,363,327,36,2.3,2.1,4.3,1.7,2.7,2017,1,0,0
224,Atlanta Falcons,10,6,0.625,353,315,38,2.4,1.9,4.3,1.1,3.2,2017,1,0,0
225,Tampa Bay Buccaneers,5,11,0.313,335,382,-47,-2.9,1.7,-1.3,0.4,-1.7,2017,0,0,0
226,Los Angeles Rams,11,5,0.688,478,329,149,9.3,-0.2,9.2,8.2,1.0,2017,1,1,0
227,Seattle Seahawks,9,7,0.563,366,332,34,2.1,-0.2,1.9,0.7,1.2,2017,0,0,0
228,Arizona Cardinals,8,8,0.5,295,361,-66,-4.1,0.4,-3.7,-4.0,0.2,2017,0,0,0
229,San Francisco 49ers,6,10,0.375,331,383,-52,-3.3,0.4,-2.9,-0.8,-2.1,2017,0,0,0
231,New England Patriots,11,5,0.688,436,325,111,6.9,-1.8,5.2,3.1,2.1,2018,1,1,1
232,Miami Dolphins,7,9,0.438,319,433,-114,-7.1,-1.7,-8.8,-3.6,-5.2,2018,0,0,0
233,Buffalo Bills,6,10,0.375,269,374,-105,-6.6,-0.3,-6.9,-6.3,-0.6,2018,0,0,0
234,New York Jets,4,12,0.25,333,441,-108,-6.8,-1.1,-7.8,-2.0,-5.9,2018,0,0,0
235,Baltimore Ravens,10,6,0.625,389,287,102,6.4,0.6,7.0,0.6,6.4,2018,1,0,0
236,Pittsburgh Steelers,9,6,0.594,428,360,68,4.3,1.3,5.6,3.9,1.7,2018,0,0,0
237,Cleveland Browns,7,8,0.469,359,392,-33,-2.1,1.7,-0.3,-1.0,0.6,2018,0,0,0
238,Cincinnati Bengals,6,10,0.375,368,455,-87,-5.4,2.0,-3.4,0.0,-3.4,2018,0,0,0
239,Houston Texans,11,5,0.688,402,316,86,5.4,-1.5,3.8,2.4,1.4,2018,1,0,0
240,Indianapolis Colts,10,6,0.625,433,344,89,5.6,-2.2,3.4,3.9,-0.6,2018,1,0,0
241,Tennessee Titans,9,7,0.563,310,303,7,0.4,-0.2,0.2,-3.2,3.5,2018,0,0,0
242,Jacksonville Jaguars,5,11,0.313,245,316,-71,-4.4,0.4,-4.0,-8.1,4.0,2018,0,0,0
243,Kansas City Chiefs,12,4,0.75,565,421,144,9.0,-0.1,8.9,12.6,-3.8,2018,1,1,0
244,Los Angeles Chargers,12,4,0.75,428,329,99,6.2,-0.2,6.0,3.0,2.9,2018,1,0,0
245,Denver Broncos,6,10,0.375,329,349,-20,-1.3,0.7,-0.5,-3.6,3.1,2018,0,0,0
246,Las Vegas Raiders,4,12,0.25,290,467,-177,-11.1,1.8,-9.3,-5.2,-4.1,2018,0,0,0
247,Dallas Cowboys,10,6,0.625,339,324,15,0.9,0.2,1.1,-1.9,2.9,2018,1,0,0
248,Philadelphia Eagles,9,7,0.563,367,348,19,1.2,0.5,1.7,0.0,1.8,2018,1,0,0
249,Washington Commanders,7,9,0.438,281,359,-78,-4.9,-0.1,-4.9,-5.6,0.6,2018,0,0,0
250,New York Giants,5,11,0.313,369,412,-43,-2.7,0.5,-2.2,0.8,-2.9,2018,0,0,0
251,Chicago Bears,12,4,0.75,421,283,138,8.6,-2.3,6.3,1.5,4.8,2018,1,0,0
252,Minnesota Vikings,8,7,0.531,360,341,19,1.2,-0.6,0.6,-1.2,1.8,2018,0,0,0
253,Green Bay Packers,6,9,0.406,376,400,-24,-1.5,-1.2,-2.7,0.0,-2.7,2018,0,0,0
254,Detroit Lions,6,10,0.375,324,360,-36,-2.3,-0.8,-3.0,-3.3,0.3,2018,0,0,0
255,New Orleans Saints,13,3,0.813,504,353,151,9.4,0.6,10.1,7.9,2.2,2018,1,0,0
256,Atlanta Falcons,7,9,0.438,414,423,-9,-0.6,0.4,-0.1,2.5,-2.6,2018,0,0,0
257,Carolina Panthers,7,9,0.438,376,382,-6,-0.4,1.3,0.9,0.1,0.8,2018,0,0,0
258,Tampa Bay Buccaneers,5,11,0.313,396,464,-68,-4.3,1.7,-2.6,2.0,-4.6,2018,0,0,0
259,Los Angeles Rams,13,3,0.813,527,384,143,8.9,-0.4,8.5,9.5,-1.1,2018,1,1,0
260,Seattle Seahawks,10,6,0.625,428,347,81,5.1,-0.6,4.5,3.0,1.5,2018,1,0,0
261,San Francisco 49ers,4,12,0.25,342,435,-93,-5.8,0.3,-5.5,-2.5,-3.1,2018,0,0,0
262,Arizona Cardinals,3,13,0.188,225,425,-200,-12.5,1.0,-11.5,-9.6,-1.9,2018,0,0,0
264,New England Patriots,12,4,0.75,420,225,195,12.2,-1.8,10.4,2.8,7.6,2019,1,0,0
265,Buffalo Bills,10,6,0.625,314,259,55,3.4,-1.3,2.2,-3.5,5.7,2019,1,0,0
266,New York Jets,7,9,0.438,276,359,-83,-5.2,-1.1,-6.3,-5.7,-0.6,2019,0,0,0
267,Miami Dolphins,5,11,0.313,306,494,-188,-11.8,0.2,-11.6,-2.4,-9.1,2019,0,0,0
268,Baltimore Ravens,14,2,0.875,531,282,249,15.6,0.1,15.6,11.0,4.7,2019,1,0,0
269,Pittsburgh Steelers,8,8,0.5,289,303,-14,-0.9,1.2,0.3,-4.3,4.6,2019,0,0,0
270,Cleveland Browns,6,10,0.375,335,393,-58,-3.6,1.7,-1.9,-0.4,-1.5,2019,0,0,0
271,Cincinnati Bengals,2,14,0.125,279,420,-141,-8.8,1.5,-7.3,-4.4,-2.9,2019,0,0,0
272,Houston Texans,10,6,0.625,378,385,-7,-0.4,1.0,0.5,1.0,-0.5,2019,1,0,0
273,Tennessee Titans,9,7,0.563,402,331,71,4.4,-1.0,3.4,1.8,1.7,2019,1,0,0
274,Indianapolis Colts,7,9,0.438,361,373,-12,-0.8,-1.1,-1.8,-1.0,-0.8,2019,0,0,0
275,Jacksonville Jaguars,6,10,0.375,300,397,-97,-6.1,-0.6,-6.7,-4.6,-2.1,2019,0,0,0
276,Kansas City Chiefs,12,4,0.75,451,308,143,8.9,0.2,9.1,6.2,2.9,2019,1,1,1
277,Denver Broncos,7,9,0.438,282,316,-34,-2.1,0.0,-2.1,-4.8,2.7,2019,0,0,0
278,Las Vegas Raiders,7,9,0.438,313,419,-106,-6.6,-0.3,-6.9,-2.5,-4.4,2019,0,0,0
279,Los Angeles Chargers,5,11,0.313,337,345,-8,-0.5,-0.8,-1.3,-1.6,0.3,2019,0,0,0
280,Philadelphia Eagles,9,7,0.563,385,354,31,1.9,-1.7,0.3,0.7,-0.4,2019,1,0,0
281,Dallas Cowboys,8,8,0.5,434,321,113,7.1,-1.8,5.3,3.8,1.5,2019,0,0,0
282,New York Giants,4,12,0.25,341,451,-110,-6.9,-1.0,-7.9,-1.8,-6.1,2019,0,0,0
283,Washington Commanders,3,13,0.188,266,435,-169,-10.6,-0.2,-10.8,-6.3,-4.5,2019,0,0,0
284,Green Bay Packers,13,3,0.813,376,313,63,3.9,-0.7,3.2,0.6,2.6,2019,0,0,0
285,Minnesota Vikings,10,6,0.625,407,303,104,6.5,-1.1,5.4,2.5,2.9,2019,1,0,0
286,Chicago Bears,8,8,0.5,280,298,-18,-1.1,0.2,-0.9,-5.4,4.5,2019,0,0,0
287,Detroit Lions,3,12,0.219,341,423,-82,-5.1,-0.1,-5.2,-1.2,-4.0,2019,0,0,0
288,New Orleans Saints,13,3,0.813,458,341,117,7.3,0.0,7.4,5.0,2.3,2019,1,0,0
289,Atlanta Falcons,7,9,0.438,381,399,-18,-1.1,1.1,-0.1,0.3,-0.4,2019,0,0,0
290,Tampa Bay Buccaneers,7,9,0.438,458,449,9,0.6,-0.2,0.4,4.9,-4.5,2019,0,0,0
291,Carolina Panthers,5,11,0.313,340,470,-130,-8.1,1.1,-7.0,-1.9,-5.1,2019,0,0,0
292,San Francisco 49ers,13,3,0.813,479,310,169,10.6,0.4,11.0,6.7,4.3,2019,1,1,0
293,Seattle Seahawks,11,5,0.688,405,398,7,0.4,2.3,2.7,2.9,-0.2,2019,1,0,0
294,Los Angeles Rams,9,7,0.563,394,364,30,1.9,2.0,3.9,2.2,1.7,2019,0,0,0
295,Arizona Cardinals,5,10,0.344,361,442,-81,-5.1,1.8,-3.2,-0.3,-2.9,2019,0,0,0
297,Buffalo Bills,13,3,0.813,501,375,126,7.9,-0.2,7.7,7.1,0.6,2020,1,0,0
298,Miami Dolphins,10,6,0.625,404,338,66,4.1,-1.2,3.0,0.3,2.7,2020,0,0,0
299,New England Patriots,7,9,0.438,326,353,-27,-1.7,0.7,-1.0,-4.2,3.2,2020,0,0,0
300,New York Jets,2,14,0.125,243,457,-214,-13.4,1.9,-11.5,-8.7,-2.8,2020,0,0,0
301,Pittsburgh Steelers,12,4,0.75,416,312,104,6.5,-1.8,4.7,0.3,4.4,2020,1,0,0
302,Baltimore Ravens,11,5,0.688,468,303,165,10.3,-2.0,8.3,3.9,4.3,2020,1,0,0
303,Cleveland Browns,11,5,0.688,408,419,-11,-0.7,-1.9,-2.6,0.3,-2.8,2020,1,0,0
304,Cincinnati Bengals,4,11,0.281,311,424,-113,-7.1,-0.4,-7.5,-5.4,-2.1,2020,0,0,0
305,Tennessee Titans,11,5,0.688,491,439,52,3.3,-1.7,1.6,4.7,-3.1,2020,1,0,0
306,Indianapolis Colts,11,5,0.688,451,362,89,5.6,-2.8,2.8,1.2,1.6,2020,1,0,0
307,Houston Texans,4,12,0.25,384,464,-80,-5.0,-0.5,-5.5,-1.4,-4.1,2020,0,0,0
308,Jacksonville Jaguars,1,15,0.063,306,492,-186,-11.6,-0.1,-11.7,-6.5,-5.3,2020,0,0,0
309,Kansas City Chiefs,14,2,0.875,473,362,111,6.9,-0.1,6.8,4.5,2.3,2020,1,1,0
310,Las Vegas Raiders,8,8,0.5,434,478,-44,-2.8,0.8,-2.0,2.9,-4.9,2020,0,0,0
311,Los Angeles Chargers,7,9,0.438,384,426,-42,-2.6,-0.3,-2.9,-1.0,-2.0,2020,0,0,0
312,Denver Broncos,5,11,0.313,323,446,-123,-7.7,1.7,-6.0,-4.3,-1.7,2020,0,0,0
313,Washington Commanders,7,9,0.438,335,329,6,0.4,-1.2,-0.8,-4.1,3.2,2020,0,0,0
314,New York Giants,6,10,0.375,280,357,-77,-4.8,0.4,-4.4,-6.7,2.3,2020,0,0,0
315,Dallas Cowboys,6,10,0.375,395,473,-78,-4.9,-0.2,-5.1,1.0,-6.1,2020,0,0,0
316,Philadelphia Eagles,4,11,0.281,334,418,-84,-5.3,0.8,-4.4,-2.8,-1.6,2020,0,0,0
317,Green Bay Packers,13,3,0.813,509,369,140,8.8,-1.1,7.7,5.9,1.8,2020,1,0,0
318,Chicago Bears,8,8,0.5,372,370,2,0.1,0.1,0.2,-2.2,2.4,2020,1,0,0
319,Minnesota Vikings,7,9,0.438,430,475,-45,-2.8,0.4,-2.4,1.3,-3.8,2020,0,0,0
320,Detroit Lions,5,11,0.313,377,519,-142,-8.9,1.2,-7.7,-1.0,-6.7,2020,0,0,0
321,New Orleans Saints,12,4,0.75,482,337,145,9.1,0.5,9.6,5.1,4.5,2020,1,0,0
322,Tampa Bay Buccaneers,11,5,0.688,492,355,137,8.6,0.8,9.4,6.5,2.8,2020,1,1,1
323,Carolina Panthers,5,11,0.313,350,402,-52,-3.3,2.2,-1.1,-2.4,1.3,2020,0,0,0
324,Atlanta Falcons,4,12,0.25,396,414,-18,-1.1,1.9,0.7,-0.1,0.8,2020,0,0,0
325,Seattle Seahawks,12,4,0.75,459,371,88,5.5,0.0,5.5,4.8,0.7,2020,1,0,0
326,Los Angeles Rams,10,6,0.625,372,296,76,4.8,0.7,5.4,-0.8,6.2,2020,1,0,0
327,Arizona Cardinals,8,8,0.5,410,367,43,2.7,-0.1,2.6,1.5,1.0,2020,0,0,0
328,San Francisco 49ers,6,10,0.375,376,390,-14,-0.9,1.7,0.8,0.2,0.7,2020,0,0,0
330,Buffalo Bills,11,6,0.647,483,289,194,11.4,-1.6,9.8,5.0,4.8,2021,1,0,0
331,New England Patriots,10,7,0.588,462,303,159,9.4,-0.9,8.5,3.6,4.8,2021,1,0,0
332,Miami Dolphins,9,8,0.529,341,373,-32,-1.9,-0.8,-2.7,-3.1,0.3,2021,0,0,0
333,New York Jets,4,13,0.235,310,504,-194,-11.4,1.0,-10.4,-3.6,-6.7,2021,0,0,0
334,Cincinnati Bengals,10,7,0.588,460,376,84,4.9,-1.9,3.1,3.4,-0.3,2021,1,1,0
335,Pittsburgh Steelers,9,7,0.559,343,398,-55,-3.2,0.8,-2.5,-2.6,0.1,2021,1,0,0
336,Cleveland Browns,8,9,0.471,349,371,-22,-1.3,0.0,-1.3,-2.7,1.3,2021,0,0,0
337,Baltimore Ravens,8,9,0.471,387,392,-5,-0.3,0.0,-0.3,-0.3,0.0,2021,0,0,0
338,Tennessee Titans,12,5,0.706,419,354,65,3.8,-0.4,3.4,1.8,1.6,2021,1,0,0
339,Indianapolis Colts,9,8,0.529,451,365,86,5.1,-0.6,4.4,3.3,1.1,2021,0,0,0
340,Houston Texans,4,13,0.235,280,452,-172,-10.1,0.4,-9.7,-6.3,-3.4,2021,0,0,0
341,Jacksonville Jaguars,3,14,0.176,253,457,-204,-12.0,0.6,-11.4,-7.7,-3.7,2021,0,0,0
342,Kansas City Chiefs,12,5,0.706,480,364,116,6.8,0.6,7.4,5.4,2.0,2021,1,0,0
343,Las Vegas Raiders,10,7,0.588,374,439,-65,-3.8,0.6,-3.3,-0.7,-2.6,2021,1,0,0
344,Los Angeles Chargers,9,8,0.529,474,459,15,0.9,0.2,1.1,5.3,-4.2,2021,0,0,0
345,Denver Broncos,7,10,0.412,335,322,13,0.8,-1.3,-0.5,-4.7,4.2,2021,0,0,0
346,Dallas Cowboys,12,5,0.706,530,358,172,10.1,-0.2,9.9,8.2,1.7,2021,1,0,0
347,Philadelphia Eagles,9,8,0.529,444,385,59,3.5,-1.0,2.5,2.6,-0.1,2021,1,0,0
348,Washington Commanders,7,10,0.412,335,434,-99,-5.8,1.6,-4.2,-2.7,-1.5,2021,0,0,0
349,New York Giants,4,13,0.235,258,416,-158,-9.3,1.0,-8.3,-7.7,-0.6,2021,0,0,0
350,Green Bay Packers,13,4,0.765,450,371,79,4.6,-0.2,4.4,3.5,1.0,2021,1,0,0
351,Minnesota Vikings,8,9,0.471,425,426,-1,-0.1,0.3,0.3,1.9,-1.6,2021,0,0,0
352,Chicago Bears,6,11,0.353,311,407,-96,-5.6,0.5,-5.2,-4.9,-0.3,2021,0,0,0
353,Detroit Lions,3,13,0.206,325,467,-142,-8.4,0.6,-7.8,-3.5,-4.3,2021,0,0,0
354,Tampa Bay Buccaneers,13,4,0.765,511,353,158,9.3,-0.7,8.6,7.3,1.3,2021,1,0,0
355,New Orleans Saints,9,8,0.529,364,335,29,1.7,0.3,2.0,-1.5,3.6,2021,0,0,0
356,Atlanta Falcons,7,10,0.412,313,459,-146,-8.6,0.1,-8.5,-4.2,-4.3,2021,0,0,0
357,Carolina Panthers,5,12,0.294,304,404,-100,-5.9,0.4,-5.5,-5.0,-0.5,2021,0,0,0
358,Los Angeles Rams,12,5,0.706,460,372,88,5.2,0.1,5.3,4.2,1.1,2021,1,1,1
359,Arizona Cardinals,11,6,0.647,449,366,83,4.9,0.3,5.2,3.6,1.6,2021,1,0,0
360,San Francisco 49ers,10,7,0.588,427,365,62,3.6,0.1,3.8,1.8,1.9,2021,1,0,0
361,Seattle Seahawks,7,10,0.412,395,366,29,1.7,0.2,1.9,0.4,1.5,2021,0,0,0
363,Buffalo Bills,13,3,0.813,455,286,169,10.6,0.4,10.9,7.1,3.8,2022,1,0,0
364,Miami Dolphins,9,8,0.529,397,399,-2,-0.1,2.0,1.8,2.7,-0.9,2022,1,0,0
365,New England Patriots,8,9,0.471,364,347,17,1.0,1.0,2.0,-0.3,2.3,2022,0,0,0
366,New York Jets,7,10,0.412,296,316,-20,-1.2,2.0,0.8,-4.0,4.8,2022,0,0,0
367,Cincinnati Bengals,12,4,0.75,418,322,96,6.0,0.9,6.9,5.5,1.4,2022,1,0,0
368,Baltimore Ravens,10,7,0.588,350,315,35,2.1,1.1,3.1,-0.2,3.4,2022,1,0,0
369,Pittsburgh Steelers,9,8,0.529,308,346,-38,-2.2,1.5,-0.8,-3.0,2.3,2022,0,0,0
370,Cleveland Browns,7,10,0.412,361,381,-20,-1.2,1.1,-0.1,0.7,-0.9,2022,0,0,0
371,Jacksonville Jaguars,9,8,0.529,404,350,54,3.2,-1.4,1.8,1.6,0.2,2022,1,0,0
372,Tennessee Titans,7,10,0.412,298,359,-61,-3.6,0.0,-3.6,-4.7,1.1,2022,0,0,0
373,Indianapolis Colts,4,12,0.265,289,427,-138,-8.1,-0.5,-8.6,-4.9,-3.7,2022,0,0,0
374,Houston Texans,3,13,0.206,289,420,-131,-7.7,-0.8,-8.5,-5.4,-3.1,2022,0,0,0
375,Kansas City Chiefs,14,3,0.824,496,369,127,7.5,-1.2,6.2,6.8,-0.6,2022,1,1,1
376,Los Angeles Chargers,10,7,0.588,391,384,7,0.4,-1.3,-0.9,0.1,-1.0,2022,1,0,0
377,Las Vegas Raiders,6,11,0.353,395,418,-23,-1.4,-1.1,-2.5,1.2,-3.7,2022,0,0,0
378,Denver Broncos,5,12,0.294,287,359,-72,-4.2,-0.7,-5.0,-5.6,0.6,2022,0,0,0
379,Philadelphia Eagles,14,3,0.824,477,344,133,7.8,-1.3,6.5,5.8,0.7,2022,1,1,0
380,Dallas Cowboys,12,5,0.706,467,342,125,7.4,-0.8,6.5,5.3,1.3,2022,1,0,0
381,New York Giants,9,7,0.559,365,371,-6,-0.4,0.0,-0.4,-0.8,0.4,2022,1,0,0
382,Washington Commanders,8,8,0.5,321,343,-22,-1.3,0.4,-0.9,-3.5,2.6,2022,0,0,0
383,Minnesota Vikings,13,4,0.765,424,427,-3,-0.2,0.1,-0.1,2.8,-2.9,2022,1,0,0
384,Detroit Lions,9,8,0.529,453,427,26,1.5,0.7,2.2,4.7,-2.4,2022,0,0,0
385,Green Bay Packers,8,9,0.471,370,371,-1,-0.1,0.4,0.3,-0.3,0.6,2022,0,0,0
386,Chicago Bears,3,14,0.176,326,463,-137,-8.1,1.6,-6.4,-2.5,-4.0,2022,0,0,0
387,Tampa Bay Buccaneers,8,9,0.471,313,358,-45,-2.6,0.4,-2.3,-3.3,1.1,2022,1,0,0
388,Carolina Panthers,7,10,0.412,347,374,-27,-1.6,-0.6,-2.2,-1.3,-0.9,2022,0,0,0
389,New Orleans Saints,7,10,0.412,330,345,-15,-0.9,-0.3,-1.2,-2.8,1.7,2022,0,0,0
390,Atlanta Falcons,7,10,0.412,365,386,-21,-1.2,-0.9,-2.1,-0.1,-2.0,2022,0,0,0
391,San Francisco 49ers,13,4,0.765,450,277,173,10.2,-2.3,7.9,3.3,4.6,2022,1,0,0
392,Seattle Seahawks,9,8,0.529,407,401,6,0.4,-0.8,-0.5,1.9,-2.4,2022,1,0,0
393,Los Angeles Rams,5,12,0.294,307,384,-77,-4.5,0.5,-4.0,-4.1,0.0,2022,0,0,0
394,Arizona Cardinals,4,13,0.235,340,449,-109,-6.4,0.2,-6.2,-1.9,-4.3,2022,0,0,0
396,Buffalo Bills,11,6,0.647,451,311,140,8.2,-1.8,6.5,4.1,2.3,2023,1,0,0
397,Miami Dolphins,11,6,0.647,496,391,105,6.2,-1.8,4.4,7.6,-3.1,2023,1,0,0
398,New York Jets,7,10,0.412,268,355,-87,-5.1,-0.6,-5.8,-6.7,0.9,2023,0,0,0
399,New England Patriots,4,13,0.235,236,366,-130,-7.6,-0.2,-7.9,-8.5,0.6,2023,0,0,0
400,Baltimore Ravens,13,4,0.765,483,280,203,11.9,1.2,13.2,6.7,6.5,2023,1,0,0
401,Cleveland Browns,11,6,0.647,396,362,34,2.0,1.3,3.3,2.4,0.9,2023,1,0,0
402,Pittsburgh Steelers,10,7,0.588,304,324,-20,-1.2,1.9,0.7,-3.0,3.7,2023,1,0,0
403,Cincinnati Bengals,9,8,0.529,366,384,-18,-1.1,2.8,1.7,1.3,0.4,2023,0,0,0
404,Houston Texans,10,7,0.588,377,353,24,1.4,-1.0,0.4,0.3,0.1,2023,1,0,0
405,Jacksonville Jaguars,9,8,0.529,377,371,6,0.4,1.1,1.4,1.3,0.1,2023,0,0,0
406,Indianapolis Colts,9,8,0.529,396,415,-19,-1.1,-0.2,-1.3,2.4,-3.8,2023,0,0,0
407,Tennessee Titans,6,11,0.353,305,367,-62,-3.6,0.4,-3.2,-4.0,0.7,2023,0,0,0
408,Kansas City Chiefs,11,6,0.647,371,294,77,4.5,-0.8,3.7,-0.6,4.4,2023,1,1,1
409,Las Vegas Raiders,8,9,0.471,332,331,1,0.1,-0.9,-0.9,-2.4,1.6,2023,0,0,0
410,Denver Broncos,8,9,0.471,357,413,-56,-3.3,-0.5,-3.8,-0.8,-3.0,2023,0,0,0
411,Los Angeles Chargers,5,12,0.294,346,398,-52,-3.1,0.9,-2.2,-0.6,-1.6,2023,0,0,0
412,Dallas Cowboys,12,5,0.706,509,315,194,11.4,-2.2,9.2,6.5,2.7,2023,0,0,0
413,Philadelphia Eagles,11,6,0.647,433,428,5,0.3,-0.4,-0.1,3.6,-3.7,2023,1,0,0
414,New York Giants,6,11,0.353,266,407,-141,-8.3,0.4,-7.9,-6.9,-1.0,2023,0,0,0
415,Washington Commanders,4,13,0.235,329,518,-189,-11.1,0.0,-11.1,-2.8,-8.4,2023,0,0,0
416,Detroit Lions,12,5,0.706,461,395,66,3.9,0.4,4.3,6.0,-1.8,2023,1,0,0
417,Green Bay Packers,9,8,0.529,383,350,33,1.9,-0.8,1.2,0.9,0.2,2023,1,0,0
418,Minnesota Vikings,7,10,0.412,344,362,-18,-1.1,0.5,-0.6,-1.6,1.0,2023,0,0,0
419,Chicago Bears,7,10,0.412,360,379,-19,-1.1,-0.9,-2.0,-1.2,-0.9,2023,0,0,0
420,Tampa Bay Buccaneers,9,8,0.529,348,325,23,1.4,-0.3,1.1,-1.6,2.7,2023,1,0,0
421,New Orleans Saints,9,8,0.529,402,327,75,4.4,-2.2,2.2,1.7,0.5,2023,0,0,0
422,Atlanta Falcons,7,10,0.412,321,373,-52,-3.1,-1.9,-5.0,-3.6,-1.4,2023,0,0,0
423,Carolina Panthers,2,15,0.118,236,416,-180,-10.6,0.7,-9.9,-7.9,-2.0,2023,0,0,0
424,San Francisco 49ers,12,5,0.706,491,298,193,11.4,0.4,11.8,7.1,4.7,2023,1,1,0
425,Los Angeles Rams,10,7,0.588,404,377,27,1.6,1.4,3.0,2.0,1.0,2023,1,0,0
426,Seattle Seahawks,9,8,0.529,364,402,-38,-2.2,1.3,-1.0,-0.2,-0.8,2023,0,0,0
427,Arizona Cardinals,4,13,0.235,330,455,-125,-7.4,1.9,-5.4,-1.8,-3.7,2023,0,0,0
429,Buffalo Bills,13,4,0.765,525,368,157,9.2,-1.1,8.1,7.8,0.3,2024,1,0,0
430,Miami Dolphins,8,9,0.471,345,364,-19,-1.1,-1.9,-3.0,-3.5,0.4,2024,0,0,0
431,New York Jets,5,12,0.294,338,404,-66,-3.9,-0.5,-4.3,-3.0,-1.4,2024,0,0,0
432,New England Patriots,4,13,0.235,289,417,-128,-7.5,-0.6,-8.1,-6.2,-1.9,2024,0,0,0
433,Baltimore Ravens,12,5,0.706,518,361,157,9.2,0.6,9.9,8.0,1.9,2024,1,0,0
434,Pittsburgh Steelers,10,7,0.588,380,347,33,1.9,0.1,2.1,-0.7,2.8,2024,1,0,0
435,Cincinnati Bengals,9,8,0.529,472,434,38,2.2,-0.8,1.4,5.0,-3.6,2024,0,0,0
436,Cleveland Browns,3,14,0.176,258,435,-177,-10.4,1.2,-9.2,-7.1,-2.1,2024,0,0,0
437,Houston Texans,10,7,0.588,372,372,0,0.0,-0.7,-0.7,-1.5,0.8,2024,1,0,0
438,Indianapolis Colts,8,9,0.471,377,427,-50,-2.9,-0.7,-3.7,-0.5,-3.2,2024,0,0,0
439,Jacksonville Jaguars,4,13,0.235,320,435,-115,-6.8,-0.8,-7.5,-4.2,-3.4,2024,0,0,0
440,Tennessee Titans,3,14,0.176,311,460,-149,-8.8,0.4,-8.4,-4.7,-3.7,2024,0,0,0
441,Kansas City Chiefs,15,2,0.882,385,326,59,3.5,0.7,4.2,-0.2,4.4,2024,1,1,0
442,Los Angeles Chargers,11,6,0.647,402,301,101,5.9,-0.6,5.3,0.6,4.7,2024,1,0,0
443,Denver Broncos,10,7,0.588,425,311,114,6.7,-0.3,6.4,2.1,4.3,2024,1,0,0
444,Las Vegas Raiders,4,13,0.235,309,434,-125,-7.4,1.0,-6.4,-3.9,-2.5,2024,0,0,0
445,Philadelphia Eagles,14,3,0.824,463,303,160,9.4,-1.7,7.7,3.0,4.7,2024,1,1,1
446,Washington Commanders,12,5,0.706,485,391,94,5.5,-1.8,3.7,4.9,-1.2,2024,1,0,0
447,Dallas Cowboys,7,10,0.412,350,468,-118,-6.9,0.6,-6.3,-2.6,-3.7,2024,0,0,0
448,New York Giants,3,14,0.176,273,415,-142,-8.4,0.3,-8.0,-7.5,-0.5,2024,0,0,0
449,Detroit Lions,15,2,0.882,564,342,222,13.1,0.7,13.8,10.6,3.2,2024,1,0,0
450,Minnesota Vikings,14,3,0.824,432,332,100,5.9,0.3,6.2,2.8,3.4,2024,1,0,0
451,Green Bay Packers,11,6,0.647,460,338,122,7.2,0.9,8.1,4.9,3.2,2024,1,0,0
452,Chicago Bears,5,12,0.294,310,370,-60,-3.5,1.2,-2.3,-4.8,2.4,2024,0,0,0
453,Tampa Bay Buccaneers,10,7,0.588,502,385,117,6.9,-0.4,6.4,6.0,0.4,2024,1,0,0
454,Atlanta Falcons,8,9,0.471,389,423,-34,-2.0,-0.2,-2.2,0.0,-2.2,2024,0,0,0
455,Carolina Panthers,5,12,0.294,341,534,-193,-11.4,0.4,-11.0,-2.6,-8.4,2024,0,0,0
456,New Orleans Saints,5,12,0.294,338,398,-60,-3.5,-0.6,-4.1,-3.6,-0.5,2024,0,0,0
457,Los Angeles Rams,10,7,0.588,367,386,-19,-1.1,1.1,-0.1,-0.6,0.6,2024,1,0,0
458,Seattle Seahawks,10,7,0.588,375,368,7,0.4,0.8,1.3,-0.3,1.5,2024,0,0,0
459,Arizona Cardinals,8,9,0.471,400,379,21,1.2,0.9,2.1,0.8,1.2,2024,0,0,0
460,San Francisco 49ers,6,11,0.353,389,436,-47,-2.8,1.6,-1.2,0.9,-2.1,2024,0,0,0
462,New England Patriots,14,3,0.824,490,320,170,10.0,-4.5,5.5,3.7,1.8,2025,1,1,0
463,Buffalo Bills,12,5,0.706,481,365,116,6.8,-2.3,4.5,4.9,-0.4,2025,1,0,0
464,Miami Dolphins,7,10,0.412,347,424,-77,-4.5,-1.8,-6.3,-3.8,-2.5,2025,0,0,0
465,New York Jets,3,14,0.176,300,503,-203,-11.9,-0.6,-12.5,-6.0,-6.5,2025,0,0,0
466,Pittsburgh Steelers,10,7,0.588,397,387,10,0.6,-0.5,0.1,-0.3,0.4,2025,1,0,0
467,Baltimore Ravens,8,9,0.471,424,398,26,1.5,-0.4,1.1,1.8,-0.7,2025,0,0,0
468,Cincinnati Bengals,6,11,0.353,414,492,-78,-4.6,-0.5,-5.1,1.2,-6.4,2025,0,0,0
469,Cleveland Browns,5,12,0.294,279,379,-100,-5.9,-1.5,-7.4,-8.0,0.6,2025,0,0,0
470,Jacksonville Jaguars,13,4,0.765,474,336,138,8.1,0.6,8.7,5.4,3.4,2025,1,0,0
471,Houston Texans,12,5,0.706,404,295,109,6.4,2.2,8.6,1.3,7.2,2025,1,0,0
472,Indianapolis Colts,8,9,0.471,466,412,54,3.2,1.8,5.0,5.9,-1.0,2025,0,0,0
473,Tennessee Titans,3,14,0.176,284,478,-194,-11.4,3.4,-8.0,-4.1,-3.9,2025,0,0,0
474,Denver Broncos,14,3,0.824,401,311,90,5.3,-1.8,3.5,-0.1,3.5,2025,1,0,0
475,Los Angeles Chargers,11,6,0.647,368,340,28,1.6,-0.8,0.8,-1.0,1.8,2025,1,0,0
476,Kansas City Chiefs,6,11,0.353,362,328,34,2.0,-0.1,1.9,-1.9,3.8,2025,0,0,0
477,Las Vegas Raiders,3,14,0.176,241,432,-191,-11.2,0.7,-10.5,-8.1,-2.0,2025,0,0,0
478,Philadelphia Eagles,11,6,0.647,379,325,54,3.2,-0.4,2.8,-1.8,4.5,2025,1,0,0
479,Dallas Cowboys,7,9,0.441,471,511,-40,-2.4,-1.8,-4.1,4.6,-8.7,2025,0,0,0
480,Washington Commanders,5,12,0.294,356,451,-95,-5.6,-0.1,-5.7,-2.1,-3.6,2025,0,0,0
481,New York Giants,4,13,0.235,381,439,-58,-3.4,-0.2,-3.6,-0.6,-3.0,2025,0,0,0
482,Chicago Bears,11,6,0.647,441,415,26,1.5,-1.1,0.5,2.6,-2.1,2025,1,0,0
483,Green Bay Packers,9,7,0.559,391,360,31,1.8,-0.8,1.0,-0.8,1.7,2025,1,0,0
484,Minnesota Vikings,9,8,0.529,344,333,11,0.6,0.1,0.7,-3.4,4.2,2025,0,0,0
485,Detroit Lions,9,8,0.529,481,413,68,4.0,-0.1,3.9,5.2,-1.3,2025,0,0,0
486,Carolina Panthers,8,9,0.471,311,380,-69,-4.1,0.5,-3.6,-4.9,1.4,2025,1,0,0
487,Tampa Bay Buccaneers,8,9,0.471,380,411,-31,-1.8,0.8,-1.1,0.3,-1.3,2025,0,0,0
488,Atlanta Falcons,8,9,0.471,353,401,-48,-2.8,0.1,-2.8,-2.0,-0.7,2025,0,0,0
489,New Orleans Saints,6,11,0.353,306,383,-77,-4.5,-0.3,-4.9,-5.5,0.6,2025,0,0,0
490,Seattle Seahawks,14,3,0.824,483,292,191,11.2,1.6,12.8,6.2,6.7,2025,1,1,1
491,Los Angeles Rams,12,5,0.706,518,346,172,10.1,2.4,12.5,8.7,3.9,2025,1,0,0
492,San Francisco 49ers,12,5,0.706,437,371,66,3.9,2.1,6.0,3.7,2.3,2025,1,0,0
493,Arizona Cardinals,3,14,0.176,355,488,-133,-7.8,3.4,-4.4,-1.0,-3.4,2025,0,0,0
